"TABLE_NAME","INDEX_NAME","COLUMN_NAME","UNIQUENESS","CONSTRAINT_TYPE"
"SDS_BOUNDARY","SDS_BND_PK","CN","UNIQUE","P"
"SDS_BOUNDARY","SDS_BND_UK","PLT_CN","UNIQUE","U"
"SDS_BOUNDARY","SDS_BND_UK","SUBP","UNIQUE","U"
"SDS_BOUNDARY","SDS_BND_UK","SUBPTYP","UNIQUE","U"
"SDS_BOUNDARY","SDS_BND_UK","CONTRAST","UNIQUE","U"
"SDS_BOUNDARY","SDS_BND_UK","AZMLEFT","UNIQUE","U"
"SDS_BOUNDARY","SDS_BND_UK","AZMRIGHT","UNIQUE","U"
"SDS_BOUNDARY","SDS_BND_UK","AZMCORN","UNIQUE","U"
"SDS_BOUNDARY","SDS_BND_NAT_I","STATECD","NONUNIQUE",NA
"SDS_BOUNDARY","SDS_BND_NAT_I","INVYR","NONUNIQUE",NA
"SDS_BOUNDARY","SDS_BND_NAT_I","UNITCD","NONUNIQUE",NA
"SDS_BOUNDARY","SDS_BND_NAT_I","COUNTYCD","NONUNIQUE",NA
"SDS_BOUNDARY","SDS_BND_NAT_I","PLOT","NONUNIQUE",NA
"SDS_BOUNDARY","SDS_BND_NAT_I","SUBP","NONUNIQUE",NA
"SDS_BOUNDARY","SDS_BND_NAT_I","SUBPTYP","NONUNIQUE",NA
"SDS_BOUNDARY","SDS_BND_NAT_I","AZMLEFT","NONUNIQUE",NA
"SDS_BOUNDARY","SDS_BND_NAT_I","AZMRIGHT","NONUNIQUE",NA
"SDS_BOUNDARY","BND_PLT_FK_I","PLT_CN","NONUNIQUE",NA
"REF_DIFFERENCE_TEST_PER_ACRE","DTPA_PK","CN","UNIQUE","P"
"REF_DIFFERENCE_TEST_TOTALS","DTT_PK","CN","UNIQUE","P"
"SDS_SITETREE","SDS_SITETREE_PK_I","SIT_CN","UNIQUE",NA
"SDS_TREE","SDS_TREE_PK_I","TRE_CN","UNIQUE",NA
"SUBP_SOIL_SAMPLE_LOC","SSSL_PK","CN","UNIQUE","P"
"SUBP_SOIL_SAMPLE_LAYER","SSSLYR_PK","CN","UNIQUE","P"
"DATAMART_UPDATE_HISTORY","DATAMART_UPDATE_HISTORY_PK","STATECD","UNIQUE","P"
"DATAMART_UPDATE_HISTORY","DATAMART_UPDATE_HISTORY_PK","NOTES","UNIQUE","P"
"REF_DATA_UPDATE_HISTORY","RDUH_PK","CN","UNIQUE","P"
"REF_INTL_TO_DOYLE_FACTOR","RIDF_PK","DIA_2INCH_CLASS","UNIQUE","P"
"REF_INTL_TO_DOYLE_FACTOR","RIDF_PK","SOFTWOOD","UNIQUE","P"
"TREE_GRM_BEGIN","TRE_GRM_BGN_IND1","PLT_CN","NONUNIQUE",NA
"TREE_GRM_BEGIN","TRE_GRM_BGN_IND2","PREV_TRE_CN","NONUNIQUE",NA
"TREE_GRM_BEGIN","TRE_GRM_BGN_IND3","STATECD","NONUNIQUE",NA
"TREE_GRM_BEGIN","TRE_GRM_BGN_PK","TRE_CN","UNIQUE","P"
"TREE_GRM_COMPONENT","TRE_GRM_CMP_IND1","PLT_CN","NONUNIQUE",NA
"TREE_GRM_COMPONENT","TRE_GRM_CMP_IND2","PREV_TRE_CN","NONUNIQUE",NA
"TREE_GRM_COMPONENT","TRE_GRM_CMP_IND3","STATECD","NONUNIQUE",NA
"TREE_GRM_COMPONENT","TRE_GRM_CMP_PK","TRE_CN","UNIQUE","P"
"TREE_GRM_MIDPT","TRE_GRM_MIDPT_IND1","PLT_CN","NONUNIQUE",NA
"TREE_GRM_MIDPT","TRE_GRM_MIDPT_IND2","PREV_TRE_CN","NONUNIQUE",NA
"TREE_GRM_MIDPT","TRE_GRM_MIDPT_IND3","STATECD","NONUNIQUE",NA
"TREE_GRM_MIDPT","TRE_GRM_MIDPT_PK","TRE_CN","UNIQUE","P"
"TREE_GRM_THRESHOLD","TRE_GRM_THRESH_IND1","PLT_CN","NONUNIQUE",NA
"TREE_GRM_THRESHOLD","TRE_GRM_THRESH_IND2","PREV_TRE_CN","NONUNIQUE",NA
"TREE_GRM_THRESHOLD","TRE_GRM_THRESH_IND3","STATECD","NONUNIQUE",NA
"TREE_GRM_THRESHOLD","TRE_GRM_THRESH_PK","TRE_CN","UNIQUE","P"
"TREE_GRM_THRESHOLD","TRE_GRM_THRESH_PK","THRESHOLD_TYPE","UNIQUE","P"
"REF_GRM_TYPE","RGT_UK","RSCD","UNIQUE","U"
"REF_GRM_TYPE","RGT_UK","STATECD","UNIQUE","U"
"REF_GRM_TYPE","RGT_UK","START_INVYR","UNIQUE","U"
"REF_GRM_TYPE","RGT_PK","CN","UNIQUE","P"
"SUBPLOT_REGEN","SBPREGEN_PK","CN","UNIQUE","P"
"SUBPLOT_REGEN","SBPREGEN_UK","STATECD","UNIQUE","U"
"SUBPLOT_REGEN","SBPREGEN_UK","COUNTYCD","UNIQUE","U"
"SUBPLOT_REGEN","SBPREGEN_UK","PLOT","UNIQUE","U"
"SUBPLOT_REGEN","SBPREGEN_UK","SUBP","UNIQUE","U"
"SUBPLOT_REGEN","SBPREGEN_UK","INVYR","UNIQUE","U"
"SUBPLOT_REGEN","SBPREGEN_PLT_FK_I","PLT_CN","NONUNIQUE",NA
"SUBPLOT_REGEN","SBPREGEN_SBP_FK_I","SBP_CN","NONUNIQUE",NA
"SEEDLING_REGEN","SDLREGEN_PK","CN","UNIQUE","P"
"SEEDLING_REGEN","SDLREGEN_UK","STATECD","UNIQUE","U"
"SEEDLING_REGEN","SDLREGEN_UK","COUNTYCD","UNIQUE","U"
"SEEDLING_REGEN","SDLREGEN_UK","PLOT","UNIQUE","U"
"SEEDLING_REGEN","SDLREGEN_UK","SUBP","UNIQUE","U"
"SEEDLING_REGEN","SDLREGEN_UK","INVYR","UNIQUE","U"
"SEEDLING_REGEN","SDLREGEN_UK","SPCD","UNIQUE","U"
"SEEDLING_REGEN","SDLREGEN_UK","CONDID","UNIQUE","U"
"SEEDLING_REGEN","SDLREGEN_UK","SEEDLING_SOURCE_CD","UNIQUE","U"
"SEEDLING_REGEN","SDLREGEN_UK","LENGTH_CLASS_CD","UNIQUE","U"
"SEEDLING_REGEN","SDLREGEN_PLT_CND_I","PLT_CN","NONUNIQUE",NA
"SEEDLING_REGEN","SDLREGEN_PLT_CND_I","CND_CN","NONUNIQUE",NA
"SEEDLING_REGEN","SDLREGEN_PLT_FK_I","PLT_CN","NONUNIQUE",NA
"SEEDLING_REGEN","SDLREGEN_CND_FK_I","CND_CN","NONUNIQUE",NA
"SEEDLING_REGEN","SDLREGEN_SCD_FK_I","SCD_CN","NONUNIQUE",NA
"PLOT_REGEN","PLTREGEN_PK","CN","UNIQUE","P"
"PLOT_REGEN","PLTREGEN_UK1","STATECD","UNIQUE","U"
"PLOT_REGEN","PLTREGEN_UK1","COUNTYCD","UNIQUE","U"
"PLOT_REGEN","PLTREGEN_UK1","PLOT","UNIQUE","U"
"PLOT_REGEN","PLTREGEN_UK1","INVYR","UNIQUE","U"
"PLOT_REGEN","PLTREGEN_UK2","STATECD","UNIQUE","U"
"PLOT_REGEN","PLTREGEN_UK2","COUNTYCD","UNIQUE","U"
"PLOT_REGEN","PLTREGEN_UK2","PLOT","UNIQUE","U"
"PLOT_REGEN","PLTREGEN_UK2","CYCLE","UNIQUE","U"
"PLOT_REGEN","PLTREGEN_UK2","SUBCYCLE","UNIQUE","U"
"PLOT_REGEN","PLTREGEN_PLT_FK_I","PLT_CN","NONUNIQUE",NA
"PLOT_PROTOCOL","PRO_FK_I","PLT_CN","NONUNIQUE",NA
"PLOT_PROTOCOL","PRO_PK","PLT_CN","UNIQUE","P"
"PLOT_PROTOCOL","PRO_PK","PRO_CN","UNIQUE","P"
"PLOT_PROTOCOL","PRO_PK","NAME","UNIQUE","P"
"PLOT_PROTOCOL","PRO_PK","AGENCY","UNIQUE","P"
"PLOT_PROTOCOL","PRO_PK","VERSION","UNIQUE","P"
"P2VEG_SUBP_STRUCTURE","P2VSS_PK","CN","UNIQUE","P"
"P2VEG_SUBP_STRUCTURE","P2VSS_UK","PLT_CN","UNIQUE","U"
"P2VEG_SUBP_STRUCTURE","P2VSS_UK","SUBP","UNIQUE","U"
"P2VEG_SUBP_STRUCTURE","P2VSS_UK","CONDID","UNIQUE","U"
"P2VEG_SUBP_STRUCTURE","P2VSS_UK","GROWTH_HABIT_CD","UNIQUE","U"
"P2VEG_SUBP_STRUCTURE","P2VSS_UK","LAYER","UNIQUE","U"
"P2VEG_SUBP_STRUCTURE","P2VSS_UK2","STATECD","UNIQUE","U"
"P2VEG_SUBP_STRUCTURE","P2VSS_UK2","COUNTYCD","UNIQUE","U"
"P2VEG_SUBP_STRUCTURE","P2VSS_UK2","PLOT","UNIQUE","U"
"P2VEG_SUBP_STRUCTURE","P2VSS_UK2","INVYR","UNIQUE","U"
"P2VEG_SUBP_STRUCTURE","P2VSS_UK2","SUBP","UNIQUE","U"
"P2VEG_SUBP_STRUCTURE","P2VSS_UK2","CONDID","UNIQUE","U"
"P2VEG_SUBP_STRUCTURE","P2VSS_UK2","GROWTH_HABIT_CD","UNIQUE","U"
"P2VEG_SUBP_STRUCTURE","P2VSS_UK2","LAYER","UNIQUE","U"
"P2VEG_SUBP_STRUCTURE","P2VSS_UK3","STATECD","UNIQUE","U"
"P2VEG_SUBP_STRUCTURE","P2VSS_UK3","CYCLE","UNIQUE","U"
"P2VEG_SUBP_STRUCTURE","P2VSS_UK3","SUBCYCLE","UNIQUE","U"
"P2VEG_SUBP_STRUCTURE","P2VSS_UK3","COUNTYCD","UNIQUE","U"
"P2VEG_SUBP_STRUCTURE","P2VSS_UK3","PLOT","UNIQUE","U"
"P2VEG_SUBP_STRUCTURE","P2VSS_UK3","SUBP","UNIQUE","U"
"P2VEG_SUBP_STRUCTURE","P2VSS_UK3","CONDID","UNIQUE","U"
"P2VEG_SUBP_STRUCTURE","P2VSS_UK3","GROWTH_HABIT_CD","UNIQUE","U"
"P2VEG_SUBP_STRUCTURE","P2VSS_UK3","LAYER","UNIQUE","U"
"P2VEG_SUBP_STRUCTURE","P2VSS_PLT_CN_CONDID","PLT_CN","NONUNIQUE",NA
"P2VEG_SUBP_STRUCTURE","P2VSS_PLT_CN_CONDID","CONDID","NONUNIQUE",NA
"P2VEG_SUBP_STRUCTURE","P2VSS_PLT_FK_I","PLT_CN","NONUNIQUE",NA
"POP_EVAL","PEV_PEG_FK_I","EVAL_GRP_CN","NONUNIQUE",NA
"POP_EVAL","PEV_PK","CN","UNIQUE","P"
"POP_EVAL","PEV_UK","RSCD","UNIQUE","U"
"POP_EVAL","PEV_UK","EVALID","UNIQUE","U"
"TREE_GRM_ESTN","TGE_TRE_FK_I","TRE_CN","NONUNIQUE",NA
"TREE_GRM_ESTN","TGE_PLT_FK_I","PLT_CN","NONUNIQUE",NA
"TREE_GRM_ESTN","TGE_PK","CN","UNIQUE","P"
"TREE_GRM_ESTN","TGE_UK","TRE_CN","UNIQUE","U"
"TREE_GRM_ESTN","TGE_UK","LAND_BASIS","UNIQUE","U"
"TREE_GRM_ESTN","TGE_UK","ESTIMATE","UNIQUE","U"
"TREE_GRM_ESTN","TGE_UK","ESTN_TYPE","UNIQUE","U"
"TREE_GRM_ESTN","TGE_UK","ESTN_UNITS","UNIQUE","U"
"TREE_GRM_ESTN","TGE_STATECD_INVYR_I","STATECD","NONUNIQUE",NA
"TREE_GRM_ESTN","TGE_STATECD_INVYR_I","INVYR","NONUNIQUE",NA
"INVASIVE_SUBPLOT_SPP","ISS_SCD_FK_I","PLT_CN","NONUNIQUE",NA
"INVASIVE_SUBPLOT_SPP","ISS_SCD_FK_I","SUBP","NONUNIQUE",NA
"INVASIVE_SUBPLOT_SPP","ISS_SCD_FK_I","CONDID","NONUNIQUE",NA
"INVASIVE_SUBPLOT_SPP","ISS_PLT_FK_I","PLT_CN","NONUNIQUE",NA
"INVASIVE_SUBPLOT_SPP","ISS_PK","CN","UNIQUE","P"
"INVASIVE_SUBPLOT_SPP","ISS_UK","PLT_CN","UNIQUE","U"
"INVASIVE_SUBPLOT_SPP","ISS_UK","VEG_FLDSPCD","UNIQUE","U"
"INVASIVE_SUBPLOT_SPP","ISS_UK","UNIQUE_SP_NBR","UNIQUE","U"
"INVASIVE_SUBPLOT_SPP","ISS_UK","SUBP","UNIQUE","U"
"INVASIVE_SUBPLOT_SPP","ISS_UK","CONDID","UNIQUE","U"
"COND_DWM_CALC","CDC_UK","PLT_CN","UNIQUE","U"
"COND_DWM_CALC","CDC_UK","CONDID","UNIQUE","U"
"COND_DWM_CALC","CDC_UK","EVALID","UNIQUE","U"
"COND_DWM_CALC","CDC_UK","RSCD","UNIQUE","U"
"COND_DWM_CALC","CDC_UK2","STATECD","UNIQUE","U"
"COND_DWM_CALC","CDC_UK2","COUNTYCD","UNIQUE","U"
"COND_DWM_CALC","CDC_UK2","PLOT","UNIQUE","U"
"COND_DWM_CALC","CDC_UK2","INVYR","UNIQUE","U"
"COND_DWM_CALC","CDC_UK2","CONDID","UNIQUE","U"
"COND_DWM_CALC","CDC_UK2","EVALID","UNIQUE","U"
"COND_DWM_CALC","CDC_UK2","RSCD","UNIQUE","U"
"COND_DWM_CALC","CDC_CND_FK_I","CND_CN","NONUNIQUE",NA
"COND_DWM_CALC","CDC_UK3","STATECD","UNIQUE","U"
"COND_DWM_CALC","CDC_UK3","CYCLE","UNIQUE","U"
"COND_DWM_CALC","CDC_UK3","SUBCYCLE","UNIQUE","U"
"COND_DWM_CALC","CDC_UK3","COUNTYCD","UNIQUE","U"
"COND_DWM_CALC","CDC_UK3","PLOT","UNIQUE","U"
"COND_DWM_CALC","CDC_UK3","CONDID","UNIQUE","U"
"COND_DWM_CALC","CDC_UK3","EVALID","UNIQUE","U"
"COND_DWM_CALC","CDC_UK3","RSCD","UNIQUE","U"
"COND_DWM_CALC","CDC_PSM_FK_I","STRATUM_CN","NONUNIQUE",NA
"SUBP_COND","SCD_PK","CN","UNIQUE","P"
"SUBP_COND","SCD_UK","PLT_CN","UNIQUE","U"
"SUBP_COND","SCD_UK","SUBP","UNIQUE","U"
"SUBP_COND","SCD_UK","CONDID","UNIQUE","U"
"SUBP_COND","SCD_NAT_I","STATECD","NONUNIQUE",NA
"SUBP_COND","SCD_NAT_I","INVYR","NONUNIQUE",NA
"SUBP_COND","SCD_NAT_I","UNITCD","NONUNIQUE",NA
"SUBP_COND","SCD_NAT_I","COUNTYCD","NONUNIQUE",NA
"SUBP_COND","SCD_NAT_I","PLOT","NONUNIQUE",NA
"SUBP_COND","SCD_NAT_I","SUBP","NONUNIQUE",NA
"SUBP_COND","SCD_NAT_I","CONDID","NONUNIQUE",NA
"SUBP_COND","SCD_SBP_FK_I","PLT_CN","NONUNIQUE",NA
"SUBP_COND","SCD_SBP_FK_I","SUBP","NONUNIQUE",NA
"SUBP_COND","SCD_CND_FK_I","PLT_CN","NONUNIQUE",NA
"SUBP_COND","SCD_CND_FK_I","CONDID","NONUNIQUE",NA
"SUBP_COND","SCD_PLT_FK_I","PLT_CN","NONUNIQUE",NA
"SDS_PLOT","SDP_PK","PLT_CN","UNIQUE","P"
"SDS_PLOT","SDP_NAT_I","STATECD","NONUNIQUE",NA
"SDS_PLOT","SDP_NAT_I","INVYR","NONUNIQUE",NA
"SDS_PLOT","SDP_NAT_I","UNITCD","NONUNIQUE",NA
"SDS_PLOT","SDP_NAT_I","COUNTYCD","NONUNIQUE",NA
"SDS_PLOT","SDP_NAT_I","PLOT","NONUNIQUE",NA
"SOILS_SAMPLE_LOC","SSL_UK","PLT_CN","UNIQUE","U"
"SOILS_SAMPLE_LOC","SSL_UK","SMPLNNBR","UNIQUE","U"
"SOILS_SAMPLE_LOC","SSL_PK","CN","UNIQUE","P"
"SOILS_SAMPLE_LOC","SSL_NAT_I","STATECD","NONUNIQUE",NA
"SOILS_SAMPLE_LOC","SSL_NAT_I","INVYR","NONUNIQUE",NA
"SOILS_SAMPLE_LOC","SSL_NAT_I","COUNTYCD","NONUNIQUE",NA
"SOILS_SAMPLE_LOC","SSL_NAT_I","PLOT","NONUNIQUE",NA
"SOILS_SAMPLE_LOC","SSL_NAT_I","SMPLNNBR","NONUNIQUE",NA
"VEG_SUBPLOT","VSB_PK","CN","UNIQUE","P"
"VEG_SUBPLOT","VSB_UK2","PLT_CN","UNIQUE","U"
"VEG_SUBPLOT","VSB_UK2","VVT_CN","UNIQUE","U"
"VEG_SUBPLOT","VSB_UK2","CN","UNIQUE","U"
"VEG_SUBPLOT","VSB_UK","PLT_CN","UNIQUE","U"
"VEG_SUBPLOT","VSB_UK","VVT_CN","UNIQUE","U"
"VEG_SUBPLOT","VSB_UK","SUBP","UNIQUE","U"
"VEG_SUBPLOT","VSB_NAT_I","STATECD","NONUNIQUE",NA
"VEG_SUBPLOT","VSB_NAT_I","INVYR","NONUNIQUE",NA
"VEG_SUBPLOT","VSB_NAT_I","COUNTYCD","NONUNIQUE",NA
"VEG_SUBPLOT","VSB_NAT_I","PLOT","NONUNIQUE",NA
"VEG_SUBPLOT","VSB_NAT_I","SUBP","NONUNIQUE",NA
"COND","CND_PK","CN","UNIQUE","P"
"COND","CND_UK","PLT_CN","UNIQUE","U"
"COND","CND_UK","CONDID","UNIQUE","U"
"COND","CND_NAT_I","STATECD","NONUNIQUE",NA
"COND","CND_NAT_I","INVYR","NONUNIQUE",NA
"COND","CND_NAT_I","UNITCD","NONUNIQUE",NA
"COND","CND_NAT_I","COUNTYCD","NONUNIQUE",NA
"COND","CND_NAT_I","PLOT","NONUNIQUE",NA
"COND","CND_NAT_I","CONDID","NONUNIQUE",NA
"COND","CND_PLT_FK_I","PLT_CN","NONUNIQUE",NA
"DWM_VISIT","DVT_UK","PLT_CN","UNIQUE","U"
"DWM_VISIT","DVT_PK","CN","UNIQUE","P"
"DWM_VISIT","DVT_NAT_I","STATECD","NONUNIQUE",NA
"DWM_VISIT","DVT_NAT_I","INVYR","NONUNIQUE",NA
"DWM_VISIT","DVT_NAT_I","COUNTYCD","NONUNIQUE",NA
"DWM_VISIT","DVT_NAT_I","PLOT","NONUNIQUE",NA
"REF_CITATION","CIT_PK","CITATION_NBR","UNIQUE","P"
"PLOT","PLT_UK","STATECD","UNIQUE","U"
"PLOT","PLT_UK","INVYR","UNIQUE","U"
"PLOT","PLT_UK","UNITCD","UNIQUE","U"
"PLOT","PLT_UK","COUNTYCD","UNIQUE","U"
"PLOT","PLT_UK","PLOT","UNIQUE","U"
"PLOT","PLT_PK","CN","UNIQUE","P"
"PLOT","PLT_SRV_FK_I","SRV_CN","NONUNIQUE",NA
"PLOT","PLT_CTY_FK_I","CTY_CN","NONUNIQUE",NA
"POP_PLOT_STRATUM_ASSGN","PPSA_UK","RSCD","UNIQUE","U"
"POP_PLOT_STRATUM_ASSGN","PPSA_UK","EVALID","UNIQUE","U"
"POP_PLOT_STRATUM_ASSGN","PPSA_UK","STATECD","UNIQUE","U"
"POP_PLOT_STRATUM_ASSGN","PPSA_UK","COUNTYCD","UNIQUE","U"
"POP_PLOT_STRATUM_ASSGN","PPSA_UK","PLOT","UNIQUE","U"
"POP_PLOT_STRATUM_ASSGN","PPSA_PK","CN","UNIQUE","P"
"POP_PLOT_STRATUM_ASSGN","PPSA_PSM_FK_I","STRATUM_CN","NONUNIQUE",NA
"POP_PLOT_STRATUM_ASSGN","PPSA_PLT_FK_I","PLT_CN","NONUNIQUE",NA
"OZONE_VISIT","OVT_UK","PLT_CN","UNIQUE","U"
"OZONE_VISIT","OVT_PK","CN","UNIQUE","P"
"OZONE_VISIT","OVT_NAT_I","STATECD","NONUNIQUE",NA
"OZONE_VISIT","OVT_NAT_I","INVYR","NONUNIQUE",NA
"OZONE_VISIT","OVT_NAT_I","COUNTYCD","NONUNIQUE",NA
"OZONE_VISIT","OVT_NAT_I","O3PLOT","NONUNIQUE",NA
"OZONE_VISIT","OVT_NAT_I","FIELD_ID","NONUNIQUE",NA
"OZONE_VISIT","OVT_NAT_I","SPLIT_PLOTID","NONUNIQUE",NA
"OZONE_PLOT_SUMMARY","OPS_UK","STATECD","UNIQUE","U"
"OZONE_PLOT_SUMMARY","OPS_UK","INVYR","UNIQUE","U"
"OZONE_PLOT_SUMMARY","OPS_UK","COUNTYCD","UNIQUE","U"
"OZONE_PLOT_SUMMARY","OPS_UK","O3PLOT","UNIQUE","U"
"OZONE_PLOT_SUMMARY","OPS_UK","FIELD_ID","UNIQUE","U"
"OZONE_PLOT_SUMMARY","OPS_UK","SPLIT_PLOTID","UNIQUE","U"
"OZONE_PLOT_SUMMARY","OPS_PK","CN","UNIQUE","P"
"REF_FIADB_VERSION","RFN_PK","VERSION","UNIQUE","P"
"EVALIDATOR_COUNTY_ESTIMATES","ECTYEST_ST_I","STATECD","NONUNIQUE",NA
"EVALIDATOR_COUNTY_ESTIMATES","ECTYEST_EGRP_I","EVAL_GRP","NONUNIQUE",NA
"EVALIDATOR_COUNTY_ESTIMATES","ECTYEST_PK","STATECD","UNIQUE","P"
"EVALIDATOR_COUNTY_ESTIMATES","ECTYEST_PK","EVAL_GRP","UNIQUE","P"
"EVALIDATOR_COUNTY_ESTIMATES","ECTYEST_PK","ATTRIBUTE_NBR","UNIQUE","P"
"EVALIDATOR_STATE_ESTIMATES","ESTEST_ST_I","STATECD","NONUNIQUE",NA
"EVALIDATOR_STATE_ESTIMATES","ESTEST_EGRP_I","EVAL_GRP","NONUNIQUE",NA
"EVALIDATOR_STATE_ESTIMATES","ESTEST_PK","STATECD","UNIQUE","P"
"EVALIDATOR_STATE_ESTIMATES","ESTEST_PK","EVAL_GRP","UNIQUE","P"
"EVALIDATOR_STATE_ESTIMATES","ESTEST_PK","ATTRIBUTE_NBR","UNIQUE","P"
"GRND_CVR","GRND_CVR_PLT_FK_I","PLT_CN","NONUNIQUE",NA
"GRND_CVR","GRND_CVR_UK_I","PLT_CN","NONUNIQUE",NA
"GRND_CVR","GRND_CVR_UK_I","SUBP","NONUNIQUE",NA
"GRND_CVR","GRND_CVR_UK_I","TRANSECT","NONUNIQUE",NA
"GRND_CVR","GRND_CVR_UK_I","GRND_CVR_SEG","NONUNIQUE",NA
"GRND_CVR","GRND_CVR_UK_I","GRND_CVR_TYP","NONUNIQUE",NA
"TREE_WOODLAND_STEMS","WOODS_PLT_FK_I","PLT_CN","NONUNIQUE",NA
"COND_DWM_CALC","CDC_PK","CN","UNIQUE","P"
"COND_DWM_CALC","CDC_PLT_FK_I","PLT_CN","NONUNIQUE",NA
"DWM_TRANSECT_SEGMENT","DTS_NAT_I","STATECD","NONUNIQUE",NA
"DWM_TRANSECT_SEGMENT","DTS_NAT_I","INVYR","NONUNIQUE",NA
"DWM_TRANSECT_SEGMENT","DTS_NAT_I","COUNTYCD","NONUNIQUE",NA
"DWM_TRANSECT_SEGMENT","DTS_NAT_I","PLOT","NONUNIQUE",NA
"DWM_TRANSECT_SEGMENT","DTS_NAT_I","SUBP","NONUNIQUE",NA
"DWM_TRANSECT_SEGMENT","DTS_NAT_I","TRANSECT","NONUNIQUE",NA
"DWM_TRANSECT_SEGMENT","DTS_NAT_I","SEGMNT","NONUNIQUE",NA
"DWM_TRANSECT_SEGMENT","DTS_PK","CN","UNIQUE","P"
"DWM_TRANSECT_SEGMENT","DTS_UK","PLT_CN","UNIQUE","U"
"DWM_TRANSECT_SEGMENT","DTS_UK","SUBP","UNIQUE","U"
"DWM_TRANSECT_SEGMENT","DTS_UK","TRANSECT","UNIQUE","U"
"DWM_TRANSECT_SEGMENT","DTS_UK","SEGMNT","UNIQUE","U"
"DWM_DUFF_LITTER_FUEL","DDL_NAT_I","STATECD","NONUNIQUE",NA
"DWM_DUFF_LITTER_FUEL","DDL_NAT_I","INVYR","NONUNIQUE",NA
"DWM_DUFF_LITTER_FUEL","DDL_NAT_I","COUNTYCD","NONUNIQUE",NA
"DWM_DUFF_LITTER_FUEL","DDL_NAT_I","PLOT","NONUNIQUE",NA
"DWM_DUFF_LITTER_FUEL","DDL_NAT_I","TRANSECT","NONUNIQUE",NA
"DWM_DUFF_LITTER_FUEL","DDL_NAT_I","SUBP","NONUNIQUE",NA
"DWM_DUFF_LITTER_FUEL","DDL_NAT_I","SMPLOCCD","NONUNIQUE",NA
"DWM_DUFF_LITTER_FUEL","DDL_PK","CN","UNIQUE","P"
"DWM_DUFF_LITTER_FUEL","DDL_UK","PLT_CN","UNIQUE","U"
"DWM_DUFF_LITTER_FUEL","DDL_UK","TRANSECT","UNIQUE","U"
"DWM_DUFF_LITTER_FUEL","DDL_UK","SUBP","UNIQUE","U"
"DWM_DUFF_LITTER_FUEL","DDL_UK","SMPLOCCD","UNIQUE","U"
"DWM_COARSE_WOODY_DEBRIS","DCW_NAT_I","STATECD","NONUNIQUE",NA
"DWM_COARSE_WOODY_DEBRIS","DCW_NAT_I","INVYR","NONUNIQUE",NA
"DWM_COARSE_WOODY_DEBRIS","DCW_NAT_I","COUNTYCD","NONUNIQUE",NA
"DWM_COARSE_WOODY_DEBRIS","DCW_NAT_I","PLOT","NONUNIQUE",NA
"DWM_COARSE_WOODY_DEBRIS","DCW_NAT_I","TRANSECT","NONUNIQUE",NA
"DWM_COARSE_WOODY_DEBRIS","DCW_NAT_I","SUBP","NONUNIQUE",NA
"DWM_COARSE_WOODY_DEBRIS","DCW_NAT_I","CWDID","NONUNIQUE",NA
"DWM_COARSE_WOODY_DEBRIS","DCW_PK","CN","UNIQUE","P"
"DWM_COARSE_WOODY_DEBRIS","DCW_UK","PLT_CN","UNIQUE","U"
"DWM_COARSE_WOODY_DEBRIS","DCW_UK","TRANSECT","UNIQUE","U"
"DWM_COARSE_WOODY_DEBRIS","DCW_UK","SUBP","UNIQUE","U"
"DWM_COARSE_WOODY_DEBRIS","DCW_UK","CWDID","UNIQUE","U"
"DWM_RESIDUAL_PILE","DRP_NAT_I","STATECD","NONUNIQUE",NA
"DWM_RESIDUAL_PILE","DRP_NAT_I","INVYR","NONUNIQUE",NA
"DWM_RESIDUAL_PILE","DRP_NAT_I","COUNTYCD","NONUNIQUE",NA
"DWM_RESIDUAL_PILE","DRP_NAT_I","PLOT","NONUNIQUE",NA
"DWM_RESIDUAL_PILE","DRP_NAT_I","SUBP","NONUNIQUE",NA
"DWM_RESIDUAL_PILE","DRP_NAT_I","PILE","NONUNIQUE",NA
"DWM_RESIDUAL_PILE","DRP_PK","CN","UNIQUE","P"
"DWM_RESIDUAL_PILE","DRP_UK","PLT_CN","UNIQUE","U"
"DWM_RESIDUAL_PILE","DRP_UK","SUBP","UNIQUE","U"
"DWM_RESIDUAL_PILE","DRP_UK","TRANSECT","UNIQUE","U"
"DWM_RESIDUAL_PILE","DRP_UK","PILE","UNIQUE","U"
"DWM_FINE_WOODY_DEBRIS","DFW_NAT_I","STATECD","NONUNIQUE",NA
"DWM_FINE_WOODY_DEBRIS","DFW_NAT_I","INVYR","NONUNIQUE",NA
"DWM_FINE_WOODY_DEBRIS","DFW_NAT_I","COUNTYCD","NONUNIQUE",NA
"DWM_FINE_WOODY_DEBRIS","DFW_NAT_I","PLOT","NONUNIQUE",NA
"DWM_FINE_WOODY_DEBRIS","DFW_NAT_I","TRANSECT","NONUNIQUE",NA
"DWM_FINE_WOODY_DEBRIS","DFW_NAT_I","SUBP","NONUNIQUE",NA
"DWM_FINE_WOODY_DEBRIS","DFW_NAT_I","CONDID","NONUNIQUE",NA
"DWM_FINE_WOODY_DEBRIS","DFW_PK","CN","UNIQUE","P"
"DWM_FINE_WOODY_DEBRIS","DFW_UK","PLT_CN","UNIQUE","U"
"DWM_FINE_WOODY_DEBRIS","DFW_UK","TRANSECT","UNIQUE","U"
"DWM_FINE_WOODY_DEBRIS","DFW_UK","SUBP","UNIQUE","U"
"DWM_FINE_WOODY_DEBRIS","DFW_UK","CONDID","UNIQUE","U"
"REF_RESEARCH_STATION","RES_PK","STATECD","UNIQUE","P"
"ARCHIVE_REF_PLANT_DICT_2010","RPD2_COMMON_NAME_I","COMMON_NAME","NONUNIQUE",NA
"ARCHIVE_REF_PLANT_DICT_2010","RPD2_SCI_NAME_I","SCIENTIFIC_NAME","NONUNIQUE",NA
"ARCHIVE_REF_PLANT_DICT_2010","RPD2_SYMBOL_I","SYMBOL","NONUNIQUE",NA
"EVALIDATOR_VARIABLE_LIBRARY","EVL_PK","LABEL_VAR","UNIQUE","P"
"REF_FOREST_TYPE_GROUP","FTGP_PK","VALUE","UNIQUE","P"
"PLOTGEOM","PLOTGEOM_PK","CN","UNIQUE","P"
"PLOTGEOM","PLOTGEOM_IDX","STATECD","NONUNIQUE",NA
"PLOTGEOM","PLOTGEOM_IDX","INVYR","NONUNIQUE",NA
"PLOTGEOM","PLOTGEOM_IDX","UNITCD","NONUNIQUE",NA
"PLOTGEOM","PLOTGEOM_IDX","COUNTYCD","NONUNIQUE",NA
"PLOTGEOM","PLOTGEOM_IDX","PLOT","NONUNIQUE",NA
"REF_POP_EVAL_TYP_DESCR","PED_UK","EVAL_TYP","UNIQUE","U"
"REF_POP_EVAL_TYP_DESCR","PED_PK","CN","UNIQUE","P"
"POP_STRATUM","PSM_PK","CN","UNIQUE","P"
"POP_STRATUM","PSM_UK","RSCD","UNIQUE","U"
"POP_STRATUM","PSM_UK","EVALID","UNIQUE","U"
"POP_STRATUM","PSM_UK","ESTN_UNIT","UNIQUE","U"
"POP_STRATUM","PSM_UK","STRATUMCD","UNIQUE","U"
"POP_STRATUM","PSM_PEU_FK_I","ESTN_UNIT_CN","NONUNIQUE",NA
"POP_EVAL_TYP","PET_PK","CN","UNIQUE","P"
"POP_EVAL_TYP","PET_PEG_FK_I","EVAL_GRP_CN","NONUNIQUE",NA
"POP_EVAL_TYP","PET_PEV_FK_I","EVAL_CN","NONUNIQUE",NA
"POP_EVAL_TYP","PET_UK1","EVAL_GRP_CN","UNIQUE","U"
"POP_EVAL_TYP","PET_UK1","EVAL_CN","UNIQUE","U"
"POP_EVAL_TYP","PET_UK1","EVAL_TYP","UNIQUE","U"
"POP_EVAL_TYP","PET_UK2","EVAL_GRP_CN","UNIQUE","U"
"POP_EVAL_TYP","PET_UK2","EVAL_TYP","UNIQUE","U"
"POP_EVAL_GRP","PEG_PK","CN","UNIQUE","P"
"POP_EVAL_GRP","PEG_UK","RSCD","UNIQUE","U"
"POP_EVAL_GRP","PEG_UK","EVAL_GRP","UNIQUE","U"
"POP_EVAL_GRP","PEG_EVAL_I","EVAL_GRP","NONUNIQUE",NA
"REF_INVASIVE_SPECIES","RIS_UK","STATECD","UNIQUE","U"
"REF_INVASIVE_SPECIES","RIS_UK","SYMBOL","UNIQUE","U"
"REF_INVASIVE_SPECIES","RIS_PK","CN","UNIQUE","P"
"P2VEG_SUBPLOT_SPP","P2VSSP_PLT_FK_I","PLT_CN","NONUNIQUE",NA
"P2VEG_SUBPLOT_SPP","P2VSSP_UK","PLT_CN","UNIQUE","U"
"P2VEG_SUBPLOT_SPP","P2VSSP_UK","VEG_FLDSPCD","UNIQUE","U"
"P2VEG_SUBPLOT_SPP","P2VSSP_UK","UNIQUE_SP_NBR","UNIQUE","U"
"P2VEG_SUBPLOT_SPP","P2VSSP_UK","SUBP","UNIQUE","U"
"P2VEG_SUBPLOT_SPP","P2VSSP_UK","CONDID","UNIQUE","U"
"P2VEG_SUBPLOT_SPP","P2VSSP_PK","CN","UNIQUE","P"
"POP_EVAL_ATTRIBUTE","PEA_PEV_FK_I","EVAL_CN","NONUNIQUE",NA
"POP_EVAL_ATTRIBUTE","PEA_PAE_FK_I","ATTRIBUTE_NBR","NONUNIQUE",NA
"POP_EVAL_ATTRIBUTE","PEA_UK","EVAL_CN","UNIQUE","U"
"POP_EVAL_ATTRIBUTE","PEA_UK","ATTRIBUTE_NBR","UNIQUE","U"
"REF_HABTYP_DESCRIPTION","RHN_UK","HABTYPCD","UNIQUE","U"
"REF_HABTYP_DESCRIPTION","RHN_UK","PUB_CD","UNIQUE","U"
"REF_HABTYP_DESCRIPTION","RHN_PK","CN","UNIQUE","P"
"VEG_PLOT_SPECIES","VPS_NAT_I","STATECD","NONUNIQUE",NA
"VEG_PLOT_SPECIES","VPS_NAT_I","INVYR","NONUNIQUE",NA
"VEG_PLOT_SPECIES","VPS_NAT_I","COUNTYCD","NONUNIQUE",NA
"VEG_PLOT_SPECIES","VPS_NAT_I","PLOT","NONUNIQUE",NA
"VEG_PLOT_SPECIES","VPS_NAT_I","VEG_FLDSPCD","NONUNIQUE",NA
"VEG_PLOT_SPECIES","VPS_NAT_I","UNIQUE_SP_NBR","NONUNIQUE",NA
"VEG_PLOT_SPECIES","VPS_UK","PLT_CN","UNIQUE","U"
"VEG_PLOT_SPECIES","VPS_UK","VVT_CN","UNIQUE","U"
"VEG_PLOT_SPECIES","VPS_UK","VEG_FLDSPCD","UNIQUE","U"
"VEG_PLOT_SPECIES","VPS_UK","UNIQUE_SP_NBR","UNIQUE","U"
"VEG_PLOT_SPECIES","VPS_UK2","PLT_CN","UNIQUE","U"
"VEG_PLOT_SPECIES","VPS_UK2","VVT_CN","UNIQUE","U"
"VEG_PLOT_SPECIES","VPS_UK2","CN","UNIQUE","U"
"VEG_PLOT_SPECIES","VPS_PK","CN","UNIQUE","P"
"TREE","TRE_NAT_I","STATECD","NONUNIQUE",NA
"TREE","TRE_NAT_I","INVYR","NONUNIQUE",NA
"TREE","TRE_NAT_I","UNITCD","NONUNIQUE",NA
"TREE","TRE_NAT_I","COUNTYCD","NONUNIQUE",NA
"TREE","TRE_NAT_I","PLOT","NONUNIQUE",NA
"TREE","TRE_NAT_I","SUBP","NONUNIQUE",NA
"TREE","TRE_NAT_I","TREE","NONUNIQUE",NA
"TREE","TRE_SPGRPCD","SPGRPCD","NONUNIQUE",NA
"TREE","TRE_PLT_CN_CONDID","PLT_CN","NONUNIQUE",NA
"TREE","TRE_PLT_CN_CONDID","CONDID","NONUNIQUE",NA
"TREE","TRE_PLT_FK_I","PLT_CN","NONUNIQUE",NA
"TREE","TRE_SPCD","SPCD","NONUNIQUE",NA
"TREE","TRE_UK","PLT_CN","UNIQUE","U"
"TREE","TRE_UK","SUBP","UNIQUE","U"
"TREE","TRE_UK","TREE","UNIQUE","U"
"TREE","TRE_PK","CN","UNIQUE","P"
"VEG_SUBPLOT_SPP","VSS_NAT_I","STATECD","NONUNIQUE",NA
"VEG_SUBPLOT_SPP","VSS_NAT_I","INVYR","NONUNIQUE",NA
"VEG_SUBPLOT_SPP","VSS_NAT_I","COUNTYCD","NONUNIQUE",NA
"VEG_SUBPLOT_SPP","VSS_NAT_I","PLOT","NONUNIQUE",NA
"VEG_SUBPLOT_SPP","VSS_NAT_I","SUBP","NONUNIQUE",NA
"VEG_SUBPLOT_SPP","VSS_NAT_I","UNIQUE_SP_NBR","NONUNIQUE",NA
"VEG_SUBPLOT_SPP","VSS_NAT_I","VEG_SPCD","NONUNIQUE",NA
"VEG_SUBPLOT_SPP","VSS_UK","PLT_CN","UNIQUE","U"
"VEG_SUBPLOT_SPP","VSS_UK","VVT_CN","UNIQUE","U"
"VEG_SUBPLOT_SPP","VSS_UK","VPS_CN","UNIQUE","U"
"VEG_SUBPLOT_SPP","VSS_UK","VSB_CN","UNIQUE","U"
"VEG_SUBPLOT_SPP","VSS_PK","CN","UNIQUE","P"
"VEG_SUBPLOT_SPP","VSS_VPS_FK_I","PLT_CN","NONUNIQUE",NA
"VEG_SUBPLOT_SPP","VSS_VPS_FK_I","VVT_CN","NONUNIQUE",NA
"VEG_SUBPLOT_SPP","VSS_VPS_FK_I","VPS_CN","NONUNIQUE",NA
"VEG_SUBPLOT_SPP","VSS_VSB_FK_I","PLT_CN","NONUNIQUE",NA
"VEG_SUBPLOT_SPP","VSS_VSB_FK_I","VVT_CN","NONUNIQUE",NA
"VEG_SUBPLOT_SPP","VSS_VSB_FK_I","VSB_CN","NONUNIQUE",NA
"SEEDLING","SDL_NAT_I","STATECD","NONUNIQUE",NA
"SEEDLING","SDL_NAT_I","INVYR","NONUNIQUE",NA
"SEEDLING","SDL_NAT_I","UNITCD","NONUNIQUE",NA
"SEEDLING","SDL_NAT_I","COUNTYCD","NONUNIQUE",NA
"SEEDLING","SDL_NAT_I","PLOT","NONUNIQUE",NA
"SEEDLING","SDL_NAT_I","SUBP","NONUNIQUE",NA
"SEEDLING","SDL_NAT_I","CONDID","NONUNIQUE",NA
"SEEDLING","SDL_NAT_I","SPCD","NONUNIQUE",NA
"SEEDLING","SDL_PLT_FK_I","PLT_CN","NONUNIQUE",NA
"SEEDLING","SDL_UK","PLT_CN","UNIQUE","U"
"SEEDLING","SDL_UK","SUBP","UNIQUE","U"
"SEEDLING","SDL_UK","CONDID","UNIQUE","U"
"SEEDLING","SDL_UK","SPCD","UNIQUE","U"
"SEEDLING","SDL_PK","CN","UNIQUE","P"
"VEG_QUADRAT","VQT_NAT_I","STATECD","NONUNIQUE",NA
"VEG_QUADRAT","VQT_NAT_I","INVYR","NONUNIQUE",NA
"VEG_QUADRAT","VQT_NAT_I","COUNTYCD","NONUNIQUE",NA
"VEG_QUADRAT","VQT_NAT_I","PLOT","NONUNIQUE",NA
"VEG_QUADRAT","VQT_NAT_I","SUBP","NONUNIQUE",NA
"VEG_QUADRAT","VQT_NAT_I","QUADRAT","NONUNIQUE",NA
"VEG_QUADRAT","VQT_UK","PLT_CN","UNIQUE","U"
"VEG_QUADRAT","VQT_UK","VVT_CN","UNIQUE","U"
"VEG_QUADRAT","VQT_UK","VSB_CN","UNIQUE","U"
"VEG_QUADRAT","VQT_UK","QUADRAT","UNIQUE","U"
"VEG_QUADRAT","VQT_UK2","PLT_CN","UNIQUE","U"
"VEG_QUADRAT","VQT_UK2","VVT_CN","UNIQUE","U"
"VEG_QUADRAT","VQT_UK2","VSB_CN","UNIQUE","U"
"VEG_QUADRAT","VQT_UK2","CN","UNIQUE","U"
"VEG_QUADRAT","VQT_PK","CN","UNIQUE","P"
"VEG_QUADRAT","VQT_VSB_FK_I","PLT_CN","NONUNIQUE",NA
"VEG_QUADRAT","VQT_VSB_FK_I","VVT_CN","NONUNIQUE",NA
"VEG_QUADRAT","VQT_VSB_FK_I","VSB_CN","NONUNIQUE",NA
"REF_LICHEN_SPECIES","LNS_UK","LICH_SPPCD","UNIQUE","U"
"REF_LICHEN_SPECIES","LNS_UK","SPP_ACRONYM","UNIQUE","U"
"REF_LICHEN_SPECIES","LNS_UK","GENUS","UNIQUE","U"
"REF_LICHEN_SPECIES","LNS_UK","YEARSTART","UNIQUE","U"
"REF_LICHEN_SPECIES","LNS_PK","CN","UNIQUE","P"
"REF_FOREST_TYPE","RFT_PK","VALUE","UNIQUE","P"
"OZONE_PLOT","NOP_UK","STATECD","UNIQUE","U"
"OZONE_PLOT","NOP_UK","INVYR","UNIQUE","U"
"OZONE_PLOT","NOP_UK","COUNTYCD","UNIQUE","U"
"OZONE_PLOT","NOP_UK","O3PLOT","UNIQUE","U"
"OZONE_PLOT","NOP_UK","FIELD_ID","UNIQUE","U"
"OZONE_PLOT","NOP_UK","SPLIT_PLOTID","UNIQUE","U"
"OZONE_PLOT","NOP_PK","CN","UNIQUE","P"
"OZONE_PLOT","NOP_CTY_FK_I","CTY_CN","NONUNIQUE",NA
"OZONE_PLOT","NOP_SRV_FK_I","SRV_CN","NONUNIQUE",NA
"DWM_MICROPLOT_FUEL","DMF_NAT_I","STATECD","NONUNIQUE",NA
"DWM_MICROPLOT_FUEL","DMF_NAT_I","INVYR","NONUNIQUE",NA
"DWM_MICROPLOT_FUEL","DMF_NAT_I","COUNTYCD","NONUNIQUE",NA
"DWM_MICROPLOT_FUEL","DMF_NAT_I","PLOT","NONUNIQUE",NA
"DWM_MICROPLOT_FUEL","DMF_NAT_I","SUBP","NONUNIQUE",NA
"DWM_MICROPLOT_FUEL","DMF_UK","PLT_CN","UNIQUE","U"
"DWM_MICROPLOT_FUEL","DMF_UK","SUBP","UNIQUE","U"
"DWM_MICROPLOT_FUEL","DMF_PK","CN","UNIQUE","P"
"LICHEN_LAB","LCH_NAT_I","STATECD","NONUNIQUE",NA
"LICHEN_LAB","LCH_NAT_I","INVYR","NONUNIQUE",NA
"LICHEN_LAB","LCH_NAT_I","COUNTYCD","NONUNIQUE",NA
"LICHEN_LAB","LCH_NAT_I","PLOT","NONUNIQUE",NA
"LICHEN_LAB","LCH_NAT_I","LICH_SPPCD","NONUNIQUE",NA
"LICHEN_LAB","LCH_UK","PLT_CN","UNIQUE","U"
"LICHEN_LAB","LCH_UK","LICH_SPPCD","UNIQUE","U"
"LICHEN_LAB","LCH_PK","CN","UNIQUE","P"
"REF_UNIT","UNT_PK","STATECD","UNIQUE","P"
"REF_UNIT","UNT_PK","VALUE","UNIQUE","P"
"REF_FOREST_TYPE_NIMAC","RFTN_PK","CODE","UNIQUE",NA
"OZONE_BIOSITE_SUMMARY","OBS_UK","STATECD","UNIQUE","U"
"OZONE_BIOSITE_SUMMARY","OBS_UK","INVYR","UNIQUE","U"
"OZONE_BIOSITE_SUMMARY","OBS_UK","COUNTYCD","UNIQUE","U"
"OZONE_BIOSITE_SUMMARY","OBS_UK","O3PLOT","UNIQUE","U"
"OZONE_BIOSITE_SUMMARY","OBS_UK","FIELD_ID","UNIQUE","U"
"OZONE_BIOSITE_SUMMARY","OBS_PK","CN","UNIQUE","P"
"LICHEN_PLOT_SUMMARY","LPS_NAT_I","STATECD","NONUNIQUE",NA
"LICHEN_PLOT_SUMMARY","LPS_NAT_I","INVYR","NONUNIQUE",NA
"LICHEN_PLOT_SUMMARY","LPS_NAT_I","COUNTYCD","NONUNIQUE",NA
"LICHEN_PLOT_SUMMARY","LPS_NAT_I","PLOT","NONUNIQUE",NA
"LICHEN_PLOT_SUMMARY","LPS_UK","PLT_CN","UNIQUE","U"
"LICHEN_PLOT_SUMMARY","LPS_PK","CN","UNIQUE","P"
"VEG_VISIT","VVT_NAT_I","STATECD","NONUNIQUE",NA
"VEG_VISIT","VVT_NAT_I","INVYR","NONUNIQUE",NA
"VEG_VISIT","VVT_NAT_I","COUNTYCD","NONUNIQUE",NA
"VEG_VISIT","VVT_NAT_I","PLOT","NONUNIQUE",NA
"VEG_VISIT","VVT_UK","PLT_CN","UNIQUE","U"
"VEG_VISIT","VVT_PK","CN","UNIQUE","P"
"SOILS_EROSION","SEN_NAT_I","STATECD","NONUNIQUE",NA
"SOILS_EROSION","SEN_NAT_I","INVYR","NONUNIQUE",NA
"SOILS_EROSION","SEN_NAT_I","COUNTYCD","NONUNIQUE",NA
"SOILS_EROSION","SEN_NAT_I","PLOT","NONUNIQUE",NA
"SOILS_EROSION","SEN_NAT_I","SUBP","NONUNIQUE",NA
"SOILS_EROSION","SEN_UK","PLT_CN","UNIQUE","U"
"SOILS_EROSION","SEN_UK","SUBP","UNIQUE","U"
"SOILS_EROSION","SEN_PK","CN","UNIQUE","P"
"REF_LICHEN_SPP_COMMENTS","LCM_UK","LICH_SPPCD","UNIQUE","U"
"REF_LICHEN_SPP_COMMENTS","LCM_UK","SPP_NAME","UNIQUE","U"
"REF_LICHEN_SPP_COMMENTS","LCM_UK","YEARSTART","UNIQUE","U"
"REF_LICHEN_SPP_COMMENTS","LCM_PK","CN","UNIQUE","P"
"SOILS_LAB","SLB_NAT_I","STATECD","NONUNIQUE",NA
"SOILS_LAB","SLB_NAT_I","INVYR","NONUNIQUE",NA
"SOILS_LAB","SLB_NAT_I","COUNTYCD","NONUNIQUE",NA
"SOILS_LAB","SLB_NAT_I","PLOT","NONUNIQUE",NA
"SOILS_LAB","SLB_NAT_I","SMPLNNBR","NONUNIQUE",NA
"SOILS_LAB","SLB_NAT_I","LAYER_TYPE","NONUNIQUE",NA
"SOILS_LAB","SLB_UK","PLT_CN","UNIQUE","U"
"SOILS_LAB","SLB_UK","SMPLNNBR","UNIQUE","U"
"SOILS_LAB","SLB_UK","LAYER_TYPE","UNIQUE","U"
"SOILS_LAB","SLB_PK","CN","UNIQUE","P"
"SOILS_VISIT","SVT_NAT_I","STATECD","NONUNIQUE",NA
"SOILS_VISIT","SVT_NAT_I","INVYR","NONUNIQUE",NA
"SOILS_VISIT","SVT_NAT_I","COUNTYCD","NONUNIQUE",NA
"SOILS_VISIT","SVT_NAT_I","PLOT","NONUNIQUE",NA
"SOILS_VISIT","SVT_UK","PLT_CN","UNIQUE","U"
"SOILS_VISIT","SVT_PK","CN","UNIQUE","P"
"SITETREE","SIT_NAT_I","STATECD","NONUNIQUE",NA
"SITETREE","SIT_NAT_I","INVYR","NONUNIQUE",NA
"SITETREE","SIT_NAT_I","UNITCD","NONUNIQUE",NA
"SITETREE","SIT_NAT_I","COUNTYCD","NONUNIQUE",NA
"SITETREE","SIT_NAT_I","PLOT","NONUNIQUE",NA
"SITETREE","SIT_NAT_I","CONDID","NONUNIQUE",NA
"SITETREE","SIT_NAT_I","TREE","NONUNIQUE",NA
"SITETREE","SIT_PLT_FK_I","PLT_CN","NONUNIQUE",NA
"SITETREE","SIT_CND_FK_I","PLT_CN","NONUNIQUE",NA
"SITETREE","SIT_CND_FK_I","CONDID","NONUNIQUE",NA
"SITETREE","SIT_UK","PLT_CN","UNIQUE","U"
"SITETREE","SIT_UK","CONDID","UNIQUE","U"
"SITETREE","SIT_UK","TREE","UNIQUE","U"
"SITETREE","SIT_PK","CN","UNIQUE","P"
"REF_STATE_ELEV","RSE_PK","STATECD","UNIQUE","P"
"LICHEN_SPECIES_SUMMARY","LSY_UK","INVYR","UNIQUE","U"
"LICHEN_SPECIES_SUMMARY","LSY_UK","LICHEN_REGION","UNIQUE","U"
"LICHEN_SPECIES_SUMMARY","LSY_UK","LICH_SPPCD","UNIQUE","U"
"LICHEN_SPECIES_SUMMARY","LSY_PK","CN","UNIQUE","P"
"COUNTY","CTY_PK","CN","UNIQUE","P"
"COUNTY","CTY_UK","STATECD","UNIQUE","U"
"COUNTY","CTY_UK","UNITCD","UNIQUE","U"
"COUNTY","CTY_UK","COUNTYCD","UNIQUE","U"
"SURVEY","SRV_PK","CN","UNIQUE","P"
"REF_HABTYP_PUBLICATION","RPN_UK","PUB_CD","UNIQUE","U"
"REF_HABTYP_PUBLICATION","RPN_PK","CN","UNIQUE","P"
"SUBP_COND_CHNG_MTRX","CMX_PLT_FK_I","PREV_PLT_CN","NONUNIQUE",NA
"SUBP_COND_CHNG_MTRX","CMX_PLT_FK2_I","PLT_CN","NONUNIQUE",NA
"SUBP_COND_CHNG_MTRX","CMX_UK","PLT_CN","UNIQUE","U"
"SUBP_COND_CHNG_MTRX","CMX_UK","PREV_PLT_CN","UNIQUE","U"
"SUBP_COND_CHNG_MTRX","CMX_UK","SUBP","UNIQUE","U"
"SUBP_COND_CHNG_MTRX","CMX_UK","SUBPTYP","UNIQUE","U"
"SUBP_COND_CHNG_MTRX","CMX_UK","CONDID","UNIQUE","U"
"SUBP_COND_CHNG_MTRX","CMX_UK","PREVCOND","UNIQUE","U"
"SUBP_COND_CHNG_MTRX","CMX_PK","CN","UNIQUE","P"
"SUBPLOT","SBP_PLT_FK_I","PLT_CN","NONUNIQUE",NA
"SUBPLOT","SBP_CND_FK3_I","PLT_CN","NONUNIQUE",NA
"SUBPLOT","SBP_CND_FK3_I","MACRCOND","NONUNIQUE",NA
"SUBPLOT","SBP_CND_FK2_I","PLT_CN","NONUNIQUE",NA
"SUBPLOT","SBP_CND_FK2_I","MICRCOND","NONUNIQUE",NA
"SUBPLOT","SBP_CND_FK_I","PLT_CN","NONUNIQUE",NA
"SUBPLOT","SBP_CND_FK_I","SUBPCOND","NONUNIQUE",NA
"SUBPLOT","SBP_NAT_I","STATECD","NONUNIQUE",NA
"SUBPLOT","SBP_NAT_I","INVYR","NONUNIQUE",NA
"SUBPLOT","SBP_NAT_I","UNITCD","NONUNIQUE",NA
"SUBPLOT","SBP_NAT_I","COUNTYCD","NONUNIQUE",NA
"SUBPLOT","SBP_NAT_I","PLOT","NONUNIQUE",NA
"SUBPLOT","SBP_NAT_I","SUBP","NONUNIQUE",NA
"SUBPLOT","SBP_UK","PLT_CN","UNIQUE","U"
"SUBPLOT","SBP_UK","SUBP","UNIQUE","U"
"SUBPLOT","SBP_PK","CN","UNIQUE","P"
"LICHEN_VISIT","LVT_PK","CN","UNIQUE","P"
"LICHEN_VISIT","LVT_NAT_I","STATECD","NONUNIQUE",NA
"LICHEN_VISIT","LVT_NAT_I","INVYR","NONUNIQUE",NA
"LICHEN_VISIT","LVT_NAT_I","PLOT","NONUNIQUE",NA
"LICHEN_VISIT","LVT_NAT_I","COUNTYCD","NONUNIQUE",NA
"LICHEN_VISIT","LVT_UK","PLT_CN","UNIQUE","U"
"OZONE_SPECIES_SUMMARY","OSY_UK","STATECD","UNIQUE","U"
"OZONE_SPECIES_SUMMARY","OSY_UK","INVYR","UNIQUE","U"
"OZONE_SPECIES_SUMMARY","OSY_UK","COUNTYCD","UNIQUE","U"
"OZONE_SPECIES_SUMMARY","OSY_UK","O3PLOT","UNIQUE","U"
"OZONE_SPECIES_SUMMARY","OSY_UK","BIOSPCD","UNIQUE","U"
"OZONE_SPECIES_SUMMARY","OSY_PK","CN","UNIQUE","P"
"POP_ESTN_UNIT","PEU_PEV_FK_I","EVAL_CN","NONUNIQUE",NA
"POP_ESTN_UNIT","PEU_UK","RSCD","UNIQUE","U"
"POP_ESTN_UNIT","PEU_UK","EVALID","UNIQUE","U"
"POP_ESTN_UNIT","PEU_UK","ESTN_UNIT","UNIQUE","U"
"POP_ESTN_UNIT","PEU_PK","CN","UNIQUE","P"
"OZONE_VALIDATION","OVN_UK","PLT_CN","UNIQUE","U"
"OZONE_VALIDATION","OVN_UK","BIOSPCD","UNIQUE","U"
"OZONE_VALIDATION","OVN_PK","CN","UNIQUE","P"
"OZONE_VALIDATION","OVN_NAT_I","STATECD","NONUNIQUE",NA
"OZONE_VALIDATION","OVN_NAT_I","INVYR","NONUNIQUE",NA
"OZONE_VALIDATION","OVN_NAT_I","COUNTYCD","NONUNIQUE",NA
"OZONE_VALIDATION","OVN_NAT_I","O3PLOT","NONUNIQUE",NA
"OZONE_VALIDATION","OVN_NAT_I","FIELD_ID","NONUNIQUE",NA
"OZONE_VALIDATION","OVN_NAT_I","SPLIT_PLOTID","NONUNIQUE",NA
"OZONE_VALIDATION","OVN_NAT_I","BIOSPCD","NONUNIQUE",NA
"SDS_COND","SDS_PK","CND_CN","UNIQUE","P"
"SDS_COND","SDS_NAT_I","STATECD","NONUNIQUE",NA
"SDS_COND","SDS_NAT_I","INVYR","NONUNIQUE",NA
"SDS_COND","SDS_NAT_I","UNITCD","NONUNIQUE",NA
"SDS_COND","SDS_NAT_I","COUNTYCD","NONUNIQUE",NA
"SDS_COND","SDS_NAT_I","PLOT","NONUNIQUE",NA
"SDS_COND","SDS_NAT_I","CONDID","NONUNIQUE",NA
"FIA_REPORTING_LOG","FRL_PK","CN","UNIQUE","P"
"REF_SIEQN","REF_SIEQN_UK","SIEQN_REF_CD","UNIQUE","U"
"REF_SIEQN","REF_SIEQN_PK","CN","UNIQUE","P"
"REF_OWNGRPCD","REF_OWNGRPCD_PK","OWNGRPCD","UNIQUE","P"
"REF_DAMAGE_AGENT","DA_PK","CODE","UNIQUE","P"
"REF_DAMAGE_AGENT_GROUP","DAG_PK","CODE","UNIQUE","P"
"REF_FVS_LOC_NAME","RFLN_PK","FVS_LOC_CD","UNIQUE","P"
"REF_FVS_VAR_NAME","RFVN_PK","CN","UNIQUE","P"
"REF_PLANT_DICTIONARY","RPD_UK","SYMBOL_TYPE","UNIQUE","U"
"REF_PLANT_DICTIONARY","RPD_UK","SYMBOL","UNIQUE","U"
"REF_PLANT_DICTIONARY","RPD_UK","NEW_SYMBOL","UNIQUE","U"
"REF_PLANT_DICTIONARY","RPD_PK","CN","UNIQUE","P"
"TREE_WOODLAND_STEMS","WOODS_UK2","PLT_CN","UNIQUE","U"
"TREE_WOODLAND_STEMS","WOODS_UK2","SUBP","UNIQUE","U"
"TREE_WOODLAND_STEMS","WOODS_UK2","TREE","UNIQUE","U"
"TREE_WOODLAND_STEMS","WOODS_UK2","STEM_NBR","UNIQUE","U"
"TREE_WOODLAND_STEMS","WOODS_UK","TRE_CN","UNIQUE","U"
"TREE_WOODLAND_STEMS","WOODS_UK","STEM_NBR","UNIQUE","U"
"TREE_WOODLAND_STEMS","WOODS_PK","CN","UNIQUE","P"
"GRND_CVR","GRND_CVR_PK","CN","UNIQUE","P"
"REF_NVCS_LEVEL_8_CODES","RNVCSHS8_UK","PRIMARY_CLASS","UNIQUE","U"
"REF_NVCS_LEVEL_8_CODES","RNVCSHS8_UK","NVCS_CODE","UNIQUE","U"
"REF_NVCS_LEVEL_7_CODES","RNVCSHS7_UK","PRIMARY_CLASS","UNIQUE","U"
"REF_NVCS_LEVEL_7_CODES","RNVCSHS7_UK","NVCS_CODE","UNIQUE","U"
"REF_NVCS_LEVEL_6_CODES","RNVCSHS6_UK","PRIMARY_CLASS","UNIQUE","U"
"REF_NVCS_LEVEL_6_CODES","RNVCSHS6_UK","NVCS_CODE","UNIQUE","U"
"REF_NVCS_LEVEL_5_CODES","RNVCSHS5_UK","PRIMARY_CLASS","UNIQUE","U"
"REF_NVCS_LEVEL_5_CODES","RNVCSHS5_UK","NVCS_CODE","UNIQUE","U"
"REF_NVCS_LEVEL_4_CODES","RNVCSHS4_UK","PRIMARY_CLASS","UNIQUE","U"
"REF_NVCS_LEVEL_4_CODES","RNVCSHS4_UK","NVCS_CODE","UNIQUE","U"
"REF_NVCS_LEVEL_3_CODES","RNVCSHS3_UK","PRIMARY_CLASS","UNIQUE","U"
"REF_NVCS_LEVEL_3_CODES","RNVCSHS3_UK","NVCS_CODE","UNIQUE","U"
"REF_NVCS_LEVEL_2_CODES","RNVCSHS2_UK","PRIMARY_CLASS","UNIQUE","U"
"REF_NVCS_LEVEL_2_CODES","RNVCSHS2_UK","NVCS_CODE","UNIQUE","U"
"REF_NVCS_LEVEL_1_CODES","RNVCSHS1_UK","PRIMARY_CLASS","UNIQUE","U"
"REF_NVCS_LEVEL_1_CODES","RNVCSHS1_UK","NVCS_CODE","UNIQUE","U"
"DATAMART_TABLES","DATAMART_TBLS_PK","TABLE_TYPE","UNIQUE","P"
"DATAMART_TABLES","DATAMART_TBLS_PK","TABLE_NAME","UNIQUE","P"
"ARCHIVE_REF_PLANT_DICT_2010","RPD2_UK","SYMBOL_TYPE","UNIQUE","U"
"ARCHIVE_REF_PLANT_DICT_2010","RPD2_UK","SYMBOL","UNIQUE","U"
"ARCHIVE_REF_PLANT_DICT_2010","RPD2_UK","NEW_SYMBOL","UNIQUE","U"
"ARCHIVE_REF_PLANT_DICT_2010","RPD2_PK","CN","UNIQUE","P"
"BEGINEND","BE_UK","ONEORTWO","UNIQUE","U"
"REF_PLANT_DICTIONARY","RPD_SCI_NAME_I","SCIENTIFIC_NAME","NONUNIQUE",NA
"REF_PLANT_DICTIONARY","RPD_SYMBOL_I","SYMBOL","NONUNIQUE",NA
"REF_PLANT_DICTIONARY","RPD_COMMON_NAME_I","COMMON_NAME","NONUNIQUE",NA
"REF_NVCS_LEVEL_1_CODES","RNVCSHS1_PK","CN","UNIQUE","P"
"REF_NVCS_LEVEL_2_CODES","RNVCSHS2_PK","CN","UNIQUE","P"
"REF_NVCS_LEVEL_3_CODES","RNVCSHS3_PK","CN","UNIQUE","P"
"REF_NVCS_LEVEL_4_CODES","RNVCSHS4_PK","CN","UNIQUE","P"
"REF_NVCS_LEVEL_5_CODES","RNVCSHS5_PK","CN","UNIQUE","P"
"REF_NVCS_LEVEL_6_CODES","RNVCSHS6_PK","CN","UNIQUE","P"
"REF_NVCS_LEVEL_7_CODES","RNVCSHS7_PK","CN","UNIQUE","P"
"REF_NVCS_LEVEL_8_CODES","RNVCSHS8_PK","CN","UNIQUE","P"
"REF_CONGCD","RCNG_PK","CN","UNIQUE","P"
"REF_CONGCD","RCNG_UK","STATECD","UNIQUE","U"
"REF_CONGCD","RCNG_UK","DISTRICT_NBR","UNIQUE","U"
"REF_CONGCD","RCNG_UK","START_YEAR","UNIQUE","U"
"GRND_LYR_FNCTL_GRP","FGLFGP_PK","CN","UNIQUE","P"
"GRND_LYR_FNCTL_GRP","FGLFGP_UK","PLT_CN","UNIQUE","U"
"GRND_LYR_FNCTL_GRP","FGLFGP_UK","SUBP","UNIQUE","U"
"GRND_LYR_FNCTL_GRP","FGLFGP_UK","TRANSECT","UNIQUE","U"
"GRND_LYR_FNCTL_GRP","FGLFGP_UK","MICROQUAD","UNIQUE","U"
"GRND_LYR_FNCTL_GRP","FGLFGP_UK","FUNCTIONAL_GROUP_CD","UNIQUE","U"
"GRND_LYR_FNCTL_GRP","FGLFGP_UK2","STATECD","UNIQUE","U"
"GRND_LYR_FNCTL_GRP","FGLFGP_UK2","COUNTYCD","UNIQUE","U"
"GRND_LYR_FNCTL_GRP","FGLFGP_UK2","PLOT","UNIQUE","U"
"GRND_LYR_FNCTL_GRP","FGLFGP_UK2","INVYR","UNIQUE","U"
"GRND_LYR_FNCTL_GRP","FGLFGP_UK2","INV_VST_NBR","UNIQUE","U"
"GRND_LYR_FNCTL_GRP","FGLFGP_UK2","SUBP","UNIQUE","U"
"GRND_LYR_FNCTL_GRP","FGLFGP_UK2","TRANSECT","UNIQUE","U"
"GRND_LYR_FNCTL_GRP","FGLFGP_UK2","MICROQUAD","UNIQUE","U"
"GRND_LYR_FNCTL_GRP","FGLFGP_UK2","FUNCTIONAL_GROUP_CD","UNIQUE","U"
"GRND_LYR_FNCTL_GRP","FGLFGP_UK3","STATECD","UNIQUE","U"
"GRND_LYR_FNCTL_GRP","FGLFGP_UK3","CYCLE","UNIQUE","U"
"GRND_LYR_FNCTL_GRP","FGLFGP_UK3","SUBCYCLE","UNIQUE","U"
"GRND_LYR_FNCTL_GRP","FGLFGP_UK3","COUNTYCD","UNIQUE","U"
"GRND_LYR_FNCTL_GRP","FGLFGP_UK3","PLOT","UNIQUE","U"
"GRND_LYR_FNCTL_GRP","FGLFGP_UK3","SUBP","UNIQUE","U"
"GRND_LYR_FNCTL_GRP","FGLFGP_UK3","TRANSECT","UNIQUE","U"
"GRND_LYR_FNCTL_GRP","FGLFGP_UK3","MICROQUAD","UNIQUE","U"
"GRND_LYR_FNCTL_GRP","FGLFGP_UK3","FUNCTIONAL_GROUP_CD","UNIQUE","U"
"GRND_LYR_FNCTL_GRP","FGLFGP_UK3","INV_VST_NBR","UNIQUE","U"
"GRND_LYR_MICROQUAD","FGLMP_PK","CN","UNIQUE","P"
"GRND_LYR_MICROQUAD","FGLMP_UK","PLT_CN","UNIQUE","U"
"GRND_LYR_MICROQUAD","FGLMP_UK","SUBP","UNIQUE","U"
"GRND_LYR_MICROQUAD","FGLMP_UK","TRANSECT","UNIQUE","U"
"GRND_LYR_MICROQUAD","FGLMP_UK","MICROQUAD","UNIQUE","U"
"GRND_LYR_MICROQUAD","FGLMP_UK2","STATECD","UNIQUE","U"
"GRND_LYR_MICROQUAD","FGLMP_UK2","COUNTYCD","UNIQUE","U"
"GRND_LYR_MICROQUAD","FGLMP_UK2","PLOT","UNIQUE","U"
"GRND_LYR_MICROQUAD","FGLMP_UK2","INVYR","UNIQUE","U"
"GRND_LYR_MICROQUAD","FGLMP_UK2","INV_VST_NBR","UNIQUE","U"
"GRND_LYR_MICROQUAD","FGLMP_UK2","SUBP","UNIQUE","U"
"GRND_LYR_MICROQUAD","FGLMP_UK2","TRANSECT","UNIQUE","U"
"GRND_LYR_MICROQUAD","FGLMP_UK2","MICROQUAD","UNIQUE","U"
"GRND_LYR_MICROQUAD","FGLMP_UK3","STATECD","UNIQUE","U"
"GRND_LYR_MICROQUAD","FGLMP_UK3","CYCLE","UNIQUE","U"
"GRND_LYR_MICROQUAD","FGLMP_UK3","SUBCYCLE","UNIQUE","U"
"GRND_LYR_MICROQUAD","FGLMP_UK3","COUNTYCD","UNIQUE","U"
"GRND_LYR_MICROQUAD","FGLMP_UK3","PLOT","UNIQUE","U"
"GRND_LYR_MICROQUAD","FGLMP_UK3","SUBP","UNIQUE","U"
"GRND_LYR_MICROQUAD","FGLMP_UK3","TRANSECT","UNIQUE","U"
"GRND_LYR_MICROQUAD","FGLMP_UK3","MICROQUAD","UNIQUE","U"
"GRND_LYR_MICROQUAD","FGLMP_UK3","INV_VST_NBR","UNIQUE","U"
"PROJECT","PRJ_PK","CN","UNIQUE","P"
"PROJECT","PRJ_UK","RSCD","UNIQUE","U"
"PROJECT","PRJ_UK","NAME","UNIQUE","U"
"SURVEY","SRV_UK","PRJ_CN","UNIQUE","U"
"SURVEY","SRV_UK","STATECD","UNIQUE","U"
"SURVEY","SRV_UK","INVYR","UNIQUE","U"
"SURVEY","SRV_UK","P3_OZONE_IND","UNIQUE","U"
"SURVEY","SRV_UK","CYCLE","UNIQUE","U"
"SURVEY","SRV_UK","SUBCYCLE","UNIQUE","U"
"TAXA_PROPERTIES","TXP_JSON_JSI","JDATA","NONUNIQUE",NA
"TAXA_GROUP_CODE","TXGC_JSON_JSI","JDATA","NONUNIQUE",NA
"TAXA_LIST","TXLST_JDATA_JSI","JDATA","NONUNIQUE",NA
"TYP_TXP_RECORD_TYPE","TTXPRT_PROPERTIES_JDATA_JSI","PROPERTIES_JDATA","NONUNIQUE",NA
"TAXA_GROUP","TXG_SI","GEOM","NONUNIQUE",NA
"TAXA_GROUP_ASSGN","TXGA_UK","TX_CN","UNIQUE","U"
"TAXA_GROUP_ASSGN","TXGA_UK","TXGCA_CN","UNIQUE","U"
"TAXA_GROUP_ASSGN","TXGA_TXGCA_FK","TXGCA_CN","NONUNIQUE",NA
"TAXA_LIST_ASSGN","TXLA_PK","CN","UNIQUE","P"
"TAXA_LIST_ASSGN","TXLA_UK","TXLST_CN","UNIQUE","U"
"TAXA_LIST_ASSGN","TXLA_UK","TX_CN","UNIQUE","U"
"TAXA_LIST_ASSGN","TXLA_TX_FK","TX_CN","NONUNIQUE",NA
"TAXA_PROPERTIES","TXP_TTXPRT_FK","TTXPRT_CN","NONUNIQUE",NA
"TAXA_PROPERTIES","TXP_PK","CN","UNIQUE","P"
"TAXA_PROPERTIES","TXP_UK","TX_CN","UNIQUE","U"
"TAXA_PROPERTIES","TXP_UK","TTXPRT_CN","UNIQUE","U"
"ADMIN_APP_JPATH","AJP_UK","TABLE_NAME","UNIQUE","U"
"ADMIN_APP_JPATH","AJP_UK","COLUMN_NAME","UNIQUE","U"
"ADMIN_APP_JPATH","AJP_UK","JPATH","UNIQUE","U"
"REF_RESEARCH_STATION_CODE","RRSC_PK","CN","UNIQUE","P"
"REF_RESEARCH_STATION_CODE","RRSC_UK","CODE","UNIQUE","U"
"REF_RESERVED_AREA_NAME_ABBR","RRANABBR_UK","NAME","UNIQUE","U"
"REF_RESERVED_AREA_NAME_ABBR","RRANABBR_PK","CN","UNIQUE","P"
"TAXA_DICTIONARY","TXD_COMMON_NAME_I","COMMON_NAME","NONUNIQUE",NA
"TAXA_DICTIONARY","TXD_SCIENTIFIC_NAME_I","SCIENTIFIC_NAME","NONUNIQUE",NA
"TAXA_DICTIONARY","TXD_SYMBOL_I","SYMBOL","NONUNIQUE",NA
"TAXA_DICTIONARY","TXD_PK","CN","UNIQUE","P"
"TAXA_DICTIONARY","TXD_UK","SYMBOL_TYPE","UNIQUE","U"
"TAXA_DICTIONARY","TXD_UK","SYMBOL","UNIQUE","U"
"TAXA_DICTIONARY","TXD_UK","NEW_SYMBOL","UNIQUE","U"
"TAXA_GROUP","TXG_PK","CN","UNIQUE","P"
"TAXA_GROUP","TXG_UK","NAME","UNIQUE","U"
"TAXA_GROUP_CODE","TXGC_PK","CN","UNIQUE","P"
"TAXA_GROUP_CODE","TXGC_UK","CODE","UNIQUE","U"
"TAXA_GROUP_CODE","TXGC_UK","LABEL","UNIQUE","U"
"TAXA_LIST","TXLST_PK","CN","UNIQUE","P"
"TAXA_LIST","TXLST_UK","NAME","UNIQUE","U"
"TAXA_LIST","TXLST_UK","START_DATE","UNIQUE","U"
"TAXA_RANK","TXR_PK","CN","UNIQUE","P"
"TAXA_RANK","TXR_UK","RANK","UNIQUE","U"
"TAXA_RANK","TXR_UK2","TAXA","UNIQUE","U"
"REF_RESERVED_AREA_NAME","RRAN_TRRANSC_FK","TRRANSC_CN","NONUNIQUE",NA
"REF_RESERVED_AREA_NAME","RRAN_TRRANSOC_FK","TRRANSOC_CN","NONUNIQUE",NA
"REF_RESERVED_AREA_NAME","RRAN_PK","CN","UNIQUE","P"
"REF_RESERVED_AREA_NAME","RRAN_UK","RESERVED_AREA_NAME","UNIQUE","U"
"TAXA","TX_PK","CN","UNIQUE","P"
"TAXA","TX_UK","PARENT_CN","UNIQUE","U"
"TAXA","TX_UK","NAME","UNIQUE","U"
"TAXA","TX_UK2","FIA_SPCD","UNIQUE","U"
"TAXA","TX_UK3","FIA_SPECIES_SYMBOL","UNIQUE","U"
"TAXA","TX_TXR_FK","TXR_CN","NONUNIQUE",NA
"TAXA","TX_TXD_FK","TXD_CN","NONUNIQUE",NA
"TAXA_GROUP_CODE_ASSGN","TXGCA_PK","CN","UNIQUE","P"
"TAXA_GROUP_CODE_ASSGN","TXGCA_UK","TXGC_CN","UNIQUE","U"
"TAXA_GROUP_CODE_ASSGN","TXGCA_UK","TXG_CN","UNIQUE","U"
"TAXA_GROUP_CODE_ASSGN","TXGCA_TXG_FK","TXG_CN","NONUNIQUE",NA
"TAXA_COMMON_NAME","TXCN_PK","CN","UNIQUE","P"
"TAXA_COMMON_NAME","TXCN_COMMON_NAME_I","COMMON_NAME","NONUNIQUE",NA
"TAXA_COMMON_NAME","TXCN_COUNTRYCD_I","COUNTRYCD","NONUNIQUE",NA
"TAXA_COMMON_NAME","TXCN_STATE_COUNTY_I","STATECD","NONUNIQUE",NA
"TAXA_COMMON_NAME","TXCN_STATE_COUNTY_I","COUNTYCD","NONUNIQUE",NA
"TAXA_GROUP_ASSGN","TXGA_PK","CN","UNIQUE","P"
"REF_AVG_PCT_SND_CRM_RT2","RAPSC2_PK","CN","UNIQUE","P"
"REF_AVG_PCT_SND_CRM_RT2","RAPSC2_UK","SPGRPCD","UNIQUE","U"
"REF_AVG_PCT_SND_CRM_RT2","RAPSC2_UK","DIAMETER_ROUND","UNIQUE","U"
"REF_COEF_TAPER_SRS","REFCOEFTPRSRS_PK","CN","UNIQUE","P"
"REF_COEF_TAPER_SRS","REFCOEFTPRSRS_UK","SPECIES_CODE","UNIQUE","U"
"REF_COEF_TAPER_SRS","REFCOEFTPRSRS_UK","NAME","UNIQUE","U"
"REF_MEANS_BFSND_SPPGRP_NERS","REFMBSPPGRPNERS_PK","CN","UNIQUE","P"
"REF_MEANS_BFSND_SPPGRP_NERS","REFMBSPPGRPNERS_UK","SPGRP18","UNIQUE","U"
"REF_MEANS_BFSND_SPPGRP_NERS","REFMBSPPGRPNERS_UK","STATUSCD","UNIQUE","U"
"REF_MEANS_BFSND_SPPGRP_NERS","REFMBSPPGRPNERS_UK","DCLASS","UNIQUE","U"
"REF_MEANS_BFSND_SPPGRP_NERS","REFMBSPPGRPNERS_UK","TREECLCD","UNIQUE","U"
"REF_MEANS_BFSND_SWHW_NERS","REFMBSWHWNERS_PK","CN","UNIQUE","P"
"REF_MEANS_BFSND_SWHW_NERS","REFMBSWHWNERS_UK","HWSW","UNIQUE","U"
"REF_MEANS_BFSND_SWHW_NERS","REFMBSWHWNERS_UK","STATUSCD","UNIQUE","U"
"REF_MEANS_BFSND_SWHW_NERS","REFMBSWHWNERS_UK","DCLASS","UNIQUE","U"
"REF_MEANS_BFSND_SWHW_NERS","REFMBSWHWNERS_UK","TREECLCD","UNIQUE","U"
"REF_SPCD_LOOKUP_SRS","REFSPLKUPSRS_PK","CN","UNIQUE","P"
"REF_SPCD_LOOKUP_SRS","REFSPLKUPSRS_UK","SSP","UNIQUE","U"
"REF_SPCD_LOOKUP_SRS","REFSPLKUPSRS_UK","SPECIES_GROUP","UNIQUE","U"
"REF_SPECIES_CONFIG","REFSPCFG_PK","CN","UNIQUE","P"
"REF_SPECIES_CONFIG","REFSPCFG_UK","CONFIG_ID","UNIQUE","U"
"REF_SPECIES_CONFIG","REFSPCFG_UK","SPECIES_SYMBOL","UNIQUE","U"
"REF_TAPER_SPGRP_NERS","REFTSPGRPNERS_PK","CN","UNIQUE","P"
"REF_TAPER_SPGRP_NERS","REFTSPGRPNERS_UK","SPGRP","UNIQUE","U"
"REF_TAPER_SPGRP_NERS","REFTSPGRPNERS_UK","SPCD","UNIQUE","U"
"REF_TREE_CARBON_RATIO_DEAD","REFTCRD_PK","CN","UNIQUE","P"
"REF_TREE_CARBON_RATIO_DEAD","REFTCRD_UK","SFTWD_HRDWD","UNIQUE","U"
"REF_TREE_CARBON_RATIO_DEAD","REFTCRD_UK","DECAYCD","UNIQUE","U"
"REF_TREE_DECAY_PROP","REFTDP_PK","CN","UNIQUE","P"
"REF_TREE_DECAY_PROP","REFTDP_UK","DECAYCD","UNIQUE","U"
"REF_TREE_DECAY_PROP","REFTDP_UK","SFTWD_HRDWD","UNIQUE","U"
"REF_TREE_RGNL_EQN","REFTRE_PK","CN","UNIQUE","P"
"REF_TREE_RGNL_EQN","REFTRE_UK","EST_TYPE","UNIQUE","U"
"REF_TREE_RGNL_EQN","REFTRE_UK","EQN","UNIQUE","U"
"REF_TREE_STND_DEAD_CR_PROP","REFTSDCP_PK","CN","UNIQUE","P"
"REF_TREE_STND_DEAD_CR_PROP","REFTSDCP_UK","ECOPROV","UNIQUE","U"
"REF_TREE_STND_DEAD_CR_PROP","REFTSDCP_UK","SFTWD_HRDWD","UNIQUE","U"
"REF_SPECIES_NVCS","REFSPCNVCS_PK","CN","UNIQUE","P"
"REF_SPECIES_NVCS","REFSPCNVCS_UK","SPCD","UNIQUE","U"
"REF_MEANS_CULLBF_SPPGRP_NERS","RMCLLSPPN_PK","CN","UNIQUE","P"
"REF_MEANS_CULLBF_SPPGRP_NERS","RMCLLSPPN_UK","SPGRP18","UNIQUE","U"
"REF_MEANS_CULLBF_SPPGRP_NERS","RMCLLSPPN_UK","STATUSCD","UNIQUE","U"
"REF_MEANS_CULLBF_SPPGRP_NERS","RMCLLSPPN_UK","DCLASS","UNIQUE","U"
"REF_MEANS_CULLBF_SPPGRP_NERS","RMCLLSPPN_UK","TREECLCD","UNIQUE","U"
"REF_MEANS_CULLBF_SWHW_NERS","RMCLLSWN_PK","CN","UNIQUE","P"
"REF_MEANS_CULLBF_SWHW_NERS","RMCLLSWN_UK","HWSW","UNIQUE","U"
"REF_MEANS_CULLBF_SWHW_NERS","RMCLLSWN_UK","STATUSCD","UNIQUE","U"
"REF_MEANS_CULLBF_SWHW_NERS","RMCLLSWN_UK","DCLASS","UNIQUE","U"
"REF_MEANS_CULLBF_SWHW_NERS","RMCLLSWN_UK","TREECLCD","UNIQUE","U"
"TAXA_LIST","TXLST_TLT_FK","TLT_CN","NONUNIQUE",NA
"REF_SPECIES_NVCS","REFSPCNVCS_TX_FK","TX_CN","NONUNIQUE",NA
"TAXA_COMMON_NAME","TXCN_TXGEO_FK","TXGEO_CN","NONUNIQUE",NA
"TAXA_COMMON_NAME","TXCN_UK","TX_CN","UNIQUE","U"
"TAXA_COMMON_NAME","TXCN_UK","PRECEDENCE","UNIQUE","U"
"TAXA_COMMON_NAME","TXCN_UK","RETIRED_DATE","UNIQUE","U"
"TAXA_COMMON_NAME","TXCN_UK2","TX_CN","UNIQUE","U"
"TAXA_COMMON_NAME","TXCN_UK2","COMMON_NAME","UNIQUE","U"
"TAXA_COMMON_NAME","TXCN_UK2","RETIRED_DATE","UNIQUE","U"
"TAXA_FIA_INVASIVE_LIST_ASSGN","TFILA_PK","CN","UNIQUE","P"
"TAXA_FIA_INVASIVE_LIST_ASSGN","TFILA_UK","TFIL_CN","UNIQUE","U"
"TAXA_FIA_INVASIVE_LIST_ASSGN","TFILA_UK","STATECD","UNIQUE","U"
"TAXA_FIA_INVASIVE_LIST_ASSGN","TFILA_UK","TX_CN","UNIQUE","U"
"TAXA_FIA_INVASIVE_LIST_ASSGN","TFILA_TX_FK","TX_CN","NONUNIQUE",NA
"TAXA_FIA_TREE_LIST_ASSGN","TFTLA_PK","CN","UNIQUE","P"
"TAXA_FIA_TREE_LIST_ASSGN","TFTLA_UK","TFTL_CN","UNIQUE","U"
"TAXA_FIA_TREE_LIST_ASSGN","TFTLA_UK","TX_CN","UNIQUE","U"
"TAXA_FIA_TREE_LIST_ASSGN","TFTLA_TX_FK","TX_CN","NONUNIQUE",NA
"TAXA_FIA_TREE_LIST_EXCLUSION","TFTLE_PK","CN","UNIQUE","P"
"TAXA_FIA_TREE_LIST_EXCLUSION","TFTLE_UK","TFTLA_CN","UNIQUE","U"
"TAXA_FIA_TREE_LIST_EXCLUSION","TFTLE_UK","TTFTLET_CN","UNIQUE","U"
"STG_REF_SPECIES_BATCH","STGRSB_PK","CN","UNIQUE","P"
"STG_REF_SPECIES_BATCH","STGRSB_UK","BATCH_NAME","UNIQUE","U"
"STG_REF_SPECIES","STGRS_PK","CN","UNIQUE","P"
"STG_REF_SPECIES","STGRS_UK","STGRSB_CN","UNIQUE","U"
"STG_REF_SPECIES","STGRS_UK","SPCD","UNIQUE","U"
"STG_REF_SPECIES","STGRS_UK2","STGRSB_CN","UNIQUE","U"
"STG_REF_SPECIES","STGRS_UK2","SPECIES_SYMBOL","UNIQUE","U"
"STG_REF_SPECIES","STGRS_UK3","STGRSB_CN","UNIQUE","U"
"STG_REF_SPECIES","STGRS_UK3","TXD_CN","UNIQUE","U"
"STG_REF_SPECIES","STGRS_UK3","GENUS","UNIQUE","U"
"STG_REF_SPECIES","STGRS_UK3","SPECIES","UNIQUE","U"
"STG_REF_SPECIES","STGRS_UK3","SUBSPECIES","UNIQUE","U"
"STG_REF_SPECIES","STGRS_UK3","VARIETY","UNIQUE","U"
"STG_COMMON_NAME","STGCN_PK","CN","UNIQUE","P"
"STG_COMMON_NAME","STGCN_UK","STGRSB_CN","UNIQUE","U"
"STG_COMMON_NAME","STGCN_UK","TX_CN","UNIQUE","U"
"STG_COMMON_NAME","STGCN_UK","STGRS_CN","UNIQUE","U"
"STG_COMMON_NAME","STGCN_UK","COMMON_NAME","UNIQUE","U"
"STG_COMMON_NAME","STGCN_UK","RETIRED_DATE","UNIQUE","U"
"STG_COMMON_NAME","STGCN_UK2","STGRSB_CN","UNIQUE","U"
"STG_COMMON_NAME","STGCN_UK2","TX_CN","UNIQUE","U"
"STG_COMMON_NAME","STGCN_UK2","STGRS_CN","UNIQUE","U"
"STG_COMMON_NAME","STGCN_UK2","PRECEDENCE","UNIQUE","U"
"STG_COMMON_NAME","STGCN_UK2","RETIRED_DATE","UNIQUE","U"
"REF_COMMON_NAME","RCN_SPCD_I","FIA_SPCD","NONUNIQUE",NA
"REF_COMMON_NAME","RCN_SPSYM_I","FIA_SPECIES_SYMBOL","NONUNIQUE",NA
"REF_COMMON_NAME","RCN_COMMON_NAME_I","COMMON_NAME","NONUNIQUE",NA
"REF_COMMON_NAME","RCN_COUNTRYCD_I","COUNTRYCD","NONUNIQUE",NA
"REF_COMMON_NAME","RCN_STATE_COUNTY_I","STATECD","NONUNIQUE",NA
"REF_COMMON_NAME","RCN_STATE_COUNTY_I","COUNTYCD","NONUNIQUE",NA
"REF_SPECIES_GROUP","RSG_SPGRPCD_I","SPGRPCD","NONUNIQUE",NA
"ADMIN_APP_PARAMETER","APARM_PK","CN","UNIQUE","P"
"ADMIN_APP_PARAMETER","APARM_PK","CN","UNIQUE","P"
"ADMIN_APP_PARAMETER","APARM_UK","PARAMETER_NAME","UNIQUE","U"
"ADMIN_APP_PARAMETER","APARM_UK","PARAMETER_NAME","UNIQUE","U"
"REF_GRND_LYR","REFGLYR_PK","CN","UNIQUE","P"
"REF_GRND_LYR","REFGLYR_UK","GRND_LYR_CONFIG","UNIQUE","U"
"REF_GRND_LYR","REFGLYR_UK","FUNCTIONAL_GROUP_CD","UNIQUE","U"
"TAXA_FIA_INVASIVE_LIST","TFIL_PK","CN","UNIQUE","P"
"TAXA_FIA_INVASIVE_LIST","TFIL_UK","LIST_VERSION","UNIQUE","U"
"TAXA_FIA_TREE_LIST","TFTL_PK","CN","UNIQUE","P"
"TAXA_FIA_TREE_LIST","TFTL_UK","LIST_VERSION","UNIQUE","U"
"TAXA_GEOM","TXGEO_PK","CN","UNIQUE","P"
"TAXA_GEOM","TXGEO_UK","LOCATION_NAME","UNIQUE","U"
"TYP_LIST_TYPE","TLT_PK","CN","UNIQUE","P"
"TYP_LIST_TYPE","TLT_UK","LIST_TYPE","UNIQUE","U"
"TYP_TFTLE_TYPE","TTFTLET_PK","CN","UNIQUE","P"
"TYP_TFTLE_TYPE","TTFTLET_UK","EXCLUSION_TYPE","UNIQUE","U"
"TYP_RRAN_SOURCE_CODE","TRRANSOC_UK","CODE","UNIQUE","U"
"TYP_RRAN_SOURCE_CODE","TRRANSOC_PK","CN","UNIQUE","P"
"TYP_RRAN_STATUS_CODE","TRRANSC_UK","CODE","UNIQUE","U"
"TYP_RRAN_STATUS_CODE","TRRANSC_PK","CN","UNIQUE","P"
"TYP_TXP_RECORD_TYPE","TTXPRT_UK","CODE","UNIQUE","U"
"TYP_TXP_RECORD_TYPE","TTXPRT_PK","CN","UNIQUE","P"
"ADMIN_APP_JPATH","AJP_PK","CN","UNIQUE","P"
"ADMIN_TRANSACTION_LOG","ATL_TRANSDATE_I","TRANSACTION_DATE","NONUNIQUE",NA
